;St.Meteo/Um.Aria (%)
2024-12-12 00:00:00;100
2024-12-12 01:00:00;100
2024-12-12 02:00:00;100
2024-12-12 03:00:00;100
2024-12-12 04:00:00;100
2024-12-12 05:00:00;100
2024-12-12 06:00:00;100
2024-12-12 07:00:00;100
2024-12-12 08:00:00;100
2024-12-12 09:00:00;100
2024-12-12 10:00:00;98.73
2024-12-12 11:00:00;92.88
2024-12-12 12:00:00;83.8
2024-12-12 13:00:00;78.72
2024-12-12 14:00:00;79.58
2024-12-12 15:00:00;82.1
2024-12-12 16:00:00;92.48
2024-12-12 17:00:00;98.25
2024-12-12 18:00:00;99.2
2024-12-12 19:00:00;99.8
2024-12-12 20:00:00;100
2024-12-12 21:00:00;100
2024-12-12 22:00:00;100
2024-12-12 23:00:00;100
2024-12-13 00:00:00;100
2024-12-13 01:00:00;100
2024-12-13 02:00:00;100
2024-12-13 03:00:00;100
2024-12-13 04:00:00;100
2024-12-13 05:00:00;100
2024-12-13 06:00:00;100
2024-12-13 07:00:00;100
2024-12-13 08:00:00;100
2024-12-13 09:00:00;100
2024-12-13 10:00:00;100
2024-12-13 11:00:00;100
2024-12-13 12:00:00;100
2024-12-13 13:00:00;100
2024-12-13 14:00:00;100
2024-12-13 15:00:00;100
2024-12-13 16:00:00;100
2024-12-13 17:00:00;100
2024-12-13 18:00:00;100
2024-12-13 19:00:00;100
2024-12-13 20:00:00;100
2024-12-13 21:00:00;100
2024-12-13 22:00:00;100
2024-12-13 23:00:00;100
2024-12-14 00:00:00;100
2024-12-14 01:00:00;100
2024-12-14 02:00:00;100
2024-12-14 03:00:00;100
2024-12-14 04:00:00;100
2024-12-14 05:00:00;100
2024-12-14 06:00:00;100
2024-12-14 07:00:00;100
2024-12-14 08:00:00;100
2024-12-14 09:00:00;100
2024-12-14 10:00:00;100
2024-12-14 11:00:00;100
2024-12-14 12:00:00;99.43
2024-12-14 13:00:00;97.15
2024-12-14 14:00:00;96.53
2024-12-14 15:00:00;97.2
2024-12-14 16:00:00;98.52
2024-12-14 17:00:00;99.17
2024-12-14 18:00:00;99.58
2024-12-14 19:00:00;99.95
2024-12-14 20:00:00;100
2024-12-14 21:00:00;100
2024-12-14 22:00:00;100
2024-12-14 23:00:00;100
2024-12-15 00:00:00;100
2024-12-15 01:00:00;100
2024-12-15 02:00:00;100
2024-12-15 03:00:00;100
2024-12-15 04:00:00;100
2024-12-15 05:00:00;100
2024-12-15 06:00:00;100
2024-12-15 07:00:00;100
2024-12-15 08:00:00;100
2024-12-15 09:00:00;100
2024-12-15 10:00:00;100
2024-12-15 11:00:00;100
2024-12-15 12:00:00;100
2024-12-15 13:00:00;100
2024-12-15 14:00:00;100
2024-12-15 15:00:00;100
2024-12-15 16:00:00;100
2024-12-15 17:00:00;100
2024-12-15 18:00:00;100
2024-12-15 19:00:00;100
2024-12-15 20:00:00;100
2024-12-15 21:00:00;100
2024-12-15 22:00:00;100
2024-12-15 23:00:00;100
2024-12-16 00:00:00;100
2024-12-16 01:00:00;100
2024-12-16 02:00:00;100
2024-12-16 03:00:00;100
2024-12-16 04:00:00;100
2024-12-16 05:00:00;100
2024-12-16 06:00:00;100
2024-12-16 07:00:00;100
2024-12-16 08:00:00;100
2024-12-16 09:00:00;100
2024-12-16 10:00:00;100
2024-12-16 11:00:00;91.32
2024-12-16 12:00:00;74.72
2024-12-16 13:00:00;65.23
2024-12-16 14:00:00;62.75
2024-12-16 15:00:00;66.25
2024-12-16 16:00:00;80.4
2024-12-16 17:00:00;92.2
2024-12-16 18:00:00;96.03
2024-12-16 19:00:00;99.37
2024-12-16 20:00:00;99.87
2024-12-16 21:00:00;100
2024-12-16 22:00:00;100
2024-12-16 23:00:00;100
2024-12-17 00:00:00;100
2024-12-17 01:00:00;100
2024-12-17 02:00:00;100
2024-12-17 03:00:00;100
2024-12-17 04:00:00;100
2024-12-17 05:00:00;100
2024-12-17 06:00:00;100
2024-12-17 07:00:00;100
2024-12-17 08:00:00;100
2024-12-17 09:00:00;100
2024-12-17 10:00:00;100
2024-12-17 11:00:00;100
2024-12-17 12:00:00;100
2024-12-17 13:00:00;99.33
2024-12-17 14:00:00;96.93
2024-12-17 15:00:00;98.58
2024-12-17 16:00:00;99.7
2024-12-17 17:00:00;100
2024-12-17 18:00:00;100
2024-12-17 19:00:00;100
2024-12-17 20:00:00;100
2024-12-17 21:00:00;100
2024-12-17 22:00:00;100
2024-12-17 23:00:00;100
2024-12-18 00:00:00;100
2024-12-18 01:00:00;100
2024-12-18 02:00:00;100
2024-12-18 03:00:00;100
2024-12-18 04:00:00;100
2024-12-18 05:00:00;100
2024-12-18 06:00:00;100
2024-12-18 07:00:00;100
2024-12-18 08:00:00;100
2024-12-18 09:00:00;100
2024-12-18 10:00:00;100
2024-12-18 11:00:00;100
2024-12-18 12:00:00;100
2024-12-18 13:00:00;100
2024-12-18 14:00:00;100
2024-12-18 15:00:00;100
2024-12-18 16:00:00;100
2024-12-18 17:00:00;100
2024-12-18 18:00:00;100
2024-12-18 19:00:00;100
2024-12-18 20:00:00;100
2024-12-18 21:00:00;100
2024-12-18 22:00:00;100
2024-12-18 23:00:00;100
2024-12-19 00:00:00;100
2024-12-19 01:00:00;100
2024-12-19 02:00:00;100
2024-12-19 03:00:00;100
2024-12-19 04:00:00;100
2024-12-19 05:00:00;100
2024-12-19 06:00:00;100
2024-12-19 07:00:00;100
2024-12-19 08:00:00;100
2024-12-19 09:00:00;100
2024-12-19 10:00:00;100
2024-12-19 11:00:00;100
2024-12-19 12:00:00;100
2024-12-19 13:00:00;100
2024-12-19 14:00:00;100
2024-12-19 15:00:00;100
2024-12-19 16:00:00;100
2024-12-19 17:00:00;100
2024-12-19 18:00:00;100
2024-12-19 19:00:00;100
2024-12-19 20:00:00;100
2024-12-19 21:00:00;100
2024-12-19 22:00:00;100
2024-12-19 23:00:00;100
2024-12-20 00:00:00;100
2024-12-20 01:00:00;100
2024-12-20 02:00:00;100
2024-12-20 03:00:00;100
2024-12-20 04:00:00;100
2024-12-20 05:00:00;100
2024-12-20 06:00:00;100
2024-12-20 07:00:00;100
2024-12-20 08:00:00;100
2024-12-20 09:00:00;100
2024-12-20 10:00:00;100
2024-12-20 11:00:00;100
2024-12-20 12:00:00;100
2024-12-20 13:00:00;93.88
2024-12-20 14:00:00;90.45
2024-12-20 15:00:00;90.35
2024-12-20 16:00:00;90.35
2024-12-20 17:00:00;88.58
2024-12-20 18:00:00;90.18
2024-12-20 19:00:00;87.95
2024-12-20 20:00:00;83.65
2024-12-20 21:00:00;76.5
2024-12-20 22:00:00;77.7
2024-12-20 23:00:00;87.92
2024-12-21 00:00:00;94.57
2024-12-21 01:00:00;94.7
2024-12-21 02:00:00;96.95
2024-12-21 03:00:00;99.35
2024-12-21 04:00:00;99.83
2024-12-21 05:00:00;100
2024-12-21 06:00:00;100
2024-12-21 07:00:00;100
2024-12-21 08:00:00;100
2024-12-21 09:00:00;92
2024-12-21 10:00:00;78.58
2024-12-21 11:00:00;70.42
2024-12-21 12:00:00;67.42
2024-12-21 13:00:00;65.63
2024-12-21 14:00:00;65.58
2024-12-21 15:00:00;71.2
2024-12-21 16:00:00;83.1
2024-12-21 17:00:00;93.65
2024-12-21 18:00:00;98.1
2024-12-21 19:00:00;99.42
2024-12-21 20:00:00;100
2024-12-21 21:00:00;100
2024-12-21 22:00:00;100
2024-12-21 23:00:00;100
2024-12-22 00:00:00;100
2024-12-22 01:00:00;100
2024-12-22 02:00:00;100
2024-12-22 03:00:00;100
2024-12-22 04:00:00;100
2024-12-22 05:00:00;100
2024-12-22 06:00:00;100
2024-12-22 07:00:00;100
2024-12-22 08:00:00;100
2024-12-22 09:00:00;93.58
2024-12-22 10:00:00;83.22
2024-12-22 11:00:00;78.53
2024-12-22 12:00:00;77.33
2024-12-22 13:00:00;81.28
2024-12-22 14:00:00;84.23
2024-12-22 15:00:00;89.27
2024-12-22 16:00:00;92.52
2024-12-22 17:00:00;93.47
2024-12-22 18:00:00;91.13
2024-12-22 19:00:00;93.02
2024-12-22 20:00:00;97.08
2024-12-22 21:00:00;99.07
2024-12-22 22:00:00;99.95
2024-12-22 23:00:00;99.2
2024-12-23 00:00:00;98.62
2024-12-23 01:00:00;99.72
2024-12-23 02:00:00;99.9
2024-12-23 03:00:00;99.53
2024-12-23 04:00:00;99.3
2024-12-23 05:00:00;99.72
2024-12-23 06:00:00;99.97
2024-12-23 07:00:00;99.67
2024-12-23 08:00:00;99.43
2024-12-23 09:00:00;84.57
2024-12-23 10:00:00;72.82
2024-12-23 11:00:00;64.08
2024-12-23 12:00:00;61.3
2024-12-23 13:00:00;58
2024-12-23 14:00:00;61.07
2024-12-23 15:00:00;64.85
2024-12-23 16:00:00;70.9
2024-12-23 17:00:00;73.07
2024-12-23 18:00:00;75.78
2024-12-23 19:00:00;81.37
2024-12-23 20:00:00;84.38
2024-12-23 21:00:00;84.1
2024-12-23 22:00:00;81.55
2024-12-23 23:00:00;80.6
2024-12-24 00:00:00;77.92
2024-12-24 01:00:00;77.03
2024-12-24 02:00:00;76.83
2024-12-24 03:00:00;76.47
2024-12-24 04:00:00;73.33
2024-12-24 05:00:00;73.93
2024-12-24 06:00:00;73.88
2024-12-24 07:00:00;73.78
2024-12-24 08:00:00;69.67
2024-12-24 09:00:00;62.58
2024-12-24 10:00:00;60.77
2024-12-24 11:00:00;55.95
2024-12-24 12:00:00;52.72
2024-12-24 13:00:00;51.6
2024-12-24 14:00:00;54.4
2024-12-24 15:00:00;56.12
2024-12-24 16:00:00;63.42
2024-12-24 17:00:00;68.3
2024-12-24 18:00:00;71.65
2024-12-24 19:00:00;71.37
2024-12-24 20:00:00;69.55
2024-12-24 21:00:00;78.78
2024-12-24 22:00:00;79.33
2024-12-24 23:00:00;80.55
2024-12-25 00:00:00;80.88
2024-12-25 01:00:00;76.47
2024-12-25 02:00:00;80.23
2024-12-25 03:00:00;79.95
2024-12-25 04:00:00;79.8
2024-12-25 05:00:00;82.3
2024-12-25 06:00:00;87.47
2024-12-25 07:00:00;88.02
2024-12-25 08:00:00;87.5
2024-12-25 09:00:00;73.6
2024-12-25 10:00:00;59.83
2024-12-25 11:00:00;55.73
2024-12-25 12:00:00;57.08
2024-12-25 13:00:00;57
2024-12-25 14:00:00;55.48
2024-12-25 15:00:00;60.28
2024-12-25 16:00:00;74.07
2024-12-25 17:00:00;86.1
2024-12-25 18:00:00;90.78
2024-12-25 19:00:00;91.17
2024-12-25 20:00:00;92.47
2024-12-25 21:00:00;92.85
2024-12-25 22:00:00;93.77
2024-12-25 23:00:00;94.88
2024-12-26 00:00:00;93.45
2024-12-26 01:00:00;89.48
2024-12-26 02:00:00;87.73
2024-12-26 03:00:00;88.08
2024-12-26 04:00:00;89.65
2024-12-26 05:00:00;91.45
2024-12-26 06:00:00;85.02
2024-12-26 07:00:00;86.55
2024-12-26 08:00:00;87.95
2024-12-26 09:00:00;78.28
2024-12-26 10:00:00;74.13
2024-12-26 11:00:00;72.3
2024-12-26 12:00:00;70.63
2024-12-26 13:00:00;68.9
2024-12-26 14:00:00;67.57
2024-12-26 15:00:00;69.05
2024-12-26 16:00:00;78.85
2024-12-26 17:00:00;88.6
2024-12-26 18:00:00;95.07
2024-12-26 19:00:00;95.08
2024-12-26 20:00:00;94.6
2024-12-26 21:00:00;94.2
2024-12-26 22:00:00;93.7
2024-12-26 23:00:00;92.38
2024-12-27 00:00:00;89.25
2024-12-27 01:00:00;87.6
2024-12-27 02:00:00;83.75
2024-12-27 03:00:00;81.97
2024-12-27 04:00:00;81.85
2024-12-27 05:00:00;82.07
2024-12-27 06:00:00;84.5
2024-12-27 07:00:00;85.2
2024-12-27 08:00:00;80.45
2024-12-27 09:00:00;76.25
2024-12-27 10:00:00;66.82
2024-12-27 11:00:00;64.42
2024-12-27 12:00:00;63.65
2024-12-27 13:00:00;61.18
2024-12-27 14:00:00;59.15
2024-12-27 15:00:00;60.53
2024-12-27 16:00:00;72.43
2024-12-27 17:00:00;82.18
2024-12-27 18:00:00;85.97
2024-12-27 19:00:00;91.43
2024-12-27 20:00:00;87.48
2024-12-27 21:00:00;83.6
2024-12-27 22:00:00;82.7
2024-12-27 23:00:00;84.48
2024-12-28 00:00:00;88.22
2024-12-28 01:00:00;87.33
2024-12-28 02:00:00;84.02
2024-12-28 03:00:00;85.63
2024-12-28 04:00:00;88.9
2024-12-28 05:00:00;93.33
2024-12-28 06:00:00;92.6
2024-12-28 07:00:00;91.6
2024-12-28 08:00:00;85.93
2024-12-28 09:00:00;76.73
2024-12-28 10:00:00;68.78
2024-12-28 11:00:00;61.13
2024-12-28 12:00:00;57.95
2024-12-28 13:00:00;53.78
2024-12-28 14:00:00;51.78
2024-12-28 15:00:00;55.83
2024-12-28 16:00:00;66.95
2024-12-28 17:00:00;79.88
2024-12-28 18:00:00;86.1
2024-12-28 19:00:00;89.67
2024-12-28 20:00:00;90.92
2024-12-28 21:00:00;92.95
2024-12-28 22:00:00;95.47
2024-12-28 23:00:00;97.02
2024-12-29 00:00:00;97.07
2024-12-29 01:00:00;97.52
2024-12-29 02:00:00;96.42
2024-12-29 03:00:00;96.77
2024-12-29 04:00:00;94.98
2024-12-29 05:00:00;96.3
2024-12-29 06:00:00;96.13
2024-12-29 07:00:00;96.4
2024-12-29 08:00:00;95.08
2024-12-29 09:00:00;86.02
2024-12-29 10:00:00;75.12
2024-12-29 11:00:00;65.37
2024-12-29 12:00:00;61.05
2024-12-29 13:00:00;56.43
2024-12-29 14:00:00;56.55
2024-12-29 15:00:00;59.4
2024-12-29 16:00:00;69.82
2024-12-29 17:00:00;81.33
2024-12-29 18:00:00;89.13
2024-12-29 19:00:00;92.37
2024-12-29 20:00:00;92.6
2024-12-29 21:00:00;94.7
2024-12-29 22:00:00;96.52
2024-12-29 23:00:00;97.37
2024-12-30 00:00:00;98.47
2024-12-30 01:00:00;98.88
2024-12-30 02:00:00;98.72
2024-12-30 03:00:00;98.87
2024-12-30 04:00:00;99.13
2024-12-30 05:00:00;98.35
2024-12-30 06:00:00;98.5
2024-12-30 07:00:00;98.2
2024-12-30 08:00:00;98.13
2024-12-30 09:00:00;88.48
2024-12-30 10:00:00;80.9
2024-12-30 11:00:00;73.33
2024-12-30 12:00:00;66.05
2024-12-30 13:00:00;63.4
2024-12-30 14:00:00;61.18
2024-12-30 15:00:00;63.8
2024-12-30 16:00:00;75.43
2024-12-30 17:00:00;89.4
2024-12-30 18:00:00;94.37
2024-12-30 19:00:00;96.23
2024-12-30 20:00:00;97.68
2024-12-30 21:00:00;98.77
2024-12-30 22:00:00;99.65
2024-12-30 23:00:00;100
2024-12-31 00:00:00;100
2024-12-31 01:00:00;100
2024-12-31 02:00:00;100
2024-12-31 03:00:00;100
2024-12-31 04:00:00;100
2024-12-31 05:00:00;100
2024-12-31 06:00:00;100
2024-12-31 07:00:00;100
2024-12-31 08:00:00;100
2024-12-31 09:00:00;95.67
2024-12-31 10:00:00;85.63
2024-12-31 11:00:00;79.07
2024-12-31 12:00:00;76.52
2024-12-31 13:00:00;73.93
2024-12-31 14:00:00;73.35
2024-12-31 15:00:00;76.37
2024-12-31 16:00:00;85.1
2024-12-31 17:00:00;95.77
2024-12-31 18:00:00;98.7
2024-12-31 19:00:00;99.78
2024-12-31 20:00:00;99.93
2024-12-31 21:00:00;100
2024-12-31 22:00:00;100
2024-12-31 23:00:00;100
2025-01-01 00:00:00;100
2025-01-01 01:00:00;100
2025-01-01 02:00:00;100
2025-01-01 03:00:00;100
2025-01-01 04:00:00;100
2025-01-01 05:00:00;100
2025-01-01 06:00:00;100
2025-01-01 07:00:00;100
2025-01-01 08:00:00;100
2025-01-01 09:00:00;100
2025-01-01 10:00:00;96.98
2025-01-01 11:00:00;88.92
2025-01-01 12:00:00;81.55
2025-01-01 13:00:00;77.02
2025-01-01 14:00:00;74.68
2025-01-01 15:00:00;79.08
2025-01-01 16:00:00;87.53
2025-01-01 17:00:00;95.05
2025-01-01 18:00:00;98.35
2025-01-01 19:00:00;99.8
2025-01-01 20:00:00;100
2025-01-01 21:00:00;100
2025-01-01 22:00:00;100
2025-01-01 23:00:00;100
2025-01-02 00:00:00;100
2025-01-02 01:00:00;100
2025-01-02 02:00:00;100
2025-01-02 03:00:00;100
2025-01-02 04:00:00;100
2025-01-02 05:00:00;100
2025-01-02 06:00:00;100
2025-01-02 07:00:00;100
2025-01-02 08:00:00;100
2025-01-02 09:00:00;100
2025-01-02 10:00:00;100
2025-01-02 11:00:00;100
2025-01-02 12:00:00;100
2025-01-02 13:00:00;94.57
2025-01-02 14:00:00;90.05
2025-01-02 15:00:00;90.7
2025-01-02 16:00:00;92.63
2025-01-02 17:00:00;95.15
2025-01-02 18:00:00;97.57
2025-01-02 19:00:00;99.3
2025-01-02 20:00:00;99.8
2025-01-02 21:00:00;100
2025-01-02 22:00:00;100
2025-01-02 23:00:00;100
2025-01-03 00:00:00;100
2025-01-03 01:00:00;100
2025-01-03 02:00:00;100
2025-01-03 03:00:00;100
2025-01-03 04:00:00;100
2025-01-03 05:00:00;100
2025-01-03 06:00:00;100
2025-01-03 07:00:00;100
2025-01-03 08:00:00;100
2025-01-03 09:00:00;96.78
2025-01-03 10:00:00;93
2025-01-03 11:00:00;89.72
2025-01-03 12:00:00;83.72
2025-01-03 13:00:00;80.68
2025-01-03 14:00:00;78.47
2025-01-03 15:00:00;80.33
2025-01-03 16:00:00;92.77
2025-01-03 17:00:00;98.98
2025-01-03 18:00:00;99.9
2025-01-03 19:00:00;100
2025-01-03 20:00:00;100
2025-01-03 21:00:00;100
2025-01-03 22:00:00;100
2025-01-03 23:00:00;100
2025-01-04 00:00:00;100
2025-01-04 01:00:00;100
2025-01-04 02:00:00;100
2025-01-04 03:00:00;100
2025-01-04 04:00:00;100
2025-01-04 05:00:00;100
2025-01-04 06:00:00;100
2025-01-04 07:00:00;100
2025-01-04 08:00:00;100
2025-01-04 09:00:00;100
2025-01-04 10:00:00;100
2025-01-04 11:00:00;100
2025-01-04 12:00:00;100
2025-01-04 13:00:00;100
2025-01-04 14:00:00;100
2025-01-04 15:00:00;100
2025-01-04 16:00:00;100
2025-01-04 17:00:00;100
2025-01-04 18:00:00;100
2025-01-04 19:00:00;100
2025-01-04 20:00:00;100
2025-01-04 21:00:00;100
2025-01-04 22:00:00;100
2025-01-04 23:00:00;100
2025-01-05 00:00:00;100
2025-01-05 01:00:00;100
2025-01-05 02:00:00;100
2025-01-05 03:00:00;100
2025-01-05 04:00:00;100
2025-01-05 05:00:00;100
2025-01-05 06:00:00;100
2025-01-05 07:00:00;100
2025-01-05 08:00:00;100
2025-01-05 09:00:00;100
2025-01-05 10:00:00;99.75
2025-01-05 11:00:00;96.97
2025-01-05 12:00:00;94.32
2025-01-05 13:00:00;94.82
2025-01-05 14:00:00;93.83
2025-01-05 15:00:00;94.82
2025-01-05 16:00:00;96.05
2025-01-05 17:00:00;97.52
2025-01-05 18:00:00;98.62
2025-01-05 19:00:00;99.43
2025-01-05 20:00:00;99.18
2025-01-05 21:00:00;99.63
2025-01-05 22:00:00;99.98
2025-01-05 23:00:00;100
2025-01-06 00:00:00;100
2025-01-06 01:00:00;100
2025-01-06 02:00:00;99.95
2025-01-06 03:00:00;99.97
2025-01-06 04:00:00;99.4
2025-01-06 05:00:00;98.8
2025-01-06 06:00:00;99.32
2025-01-06 07:00:00;99.47
2025-01-06 08:00:00;99.45
2025-01-06 09:00:00;98.92
2025-01-06 10:00:00;96.7
2025-01-06 11:00:00;95.52
2025-01-06 12:00:00;94.42
2025-01-06 13:00:00;94.35
2025-01-06 14:00:00;94.52
2025-01-06 15:00:00;96.07
2025-01-06 16:00:00;97.98
2025-01-06 17:00:00;99.33
2025-01-06 18:00:00;99.83
2025-01-06 19:00:00;100
2025-01-06 20:00:00;100
2025-01-06 21:00:00;100
2025-01-06 22:00:00;100
2025-01-06 23:00:00;100
2025-01-07 00:00:00;100
2025-01-07 01:00:00;100
2025-01-07 02:00:00;100
2025-01-07 03:00:00;100
2025-01-07 04:00:00;100
2025-01-07 05:00:00;100
2025-01-07 06:00:00;100
2025-01-07 07:00:00;100
2025-01-07 08:00:00;100
2025-01-07 09:00:00;100
2025-01-07 10:00:00;100
2025-01-07 11:00:00;100
2025-01-07 12:00:00;99.22
2025-01-07 13:00:00;94.75
2025-01-07 14:00:00;92.82
2025-01-07 15:00:00;92.57
2025-01-07 16:00:00;95.08
2025-01-07 17:00:00;99.15
2025-01-07 18:00:00;99.93
2025-01-07 19:00:00;100
2025-01-07 20:00:00;100
2025-01-07 21:00:00;100
2025-01-07 22:00:00;100
2025-01-07 23:00:00;100
2025-01-08 00:00:00;100
2025-01-08 01:00:00;100
2025-01-08 02:00:00;100
2025-01-08 03:00:00;100
2025-01-08 04:00:00;100
2025-01-08 05:00:00;100
2025-01-08 06:00:00;100
2025-01-08 07:00:00;100
2025-01-08 08:00:00;100
2025-01-08 09:00:00;100
2025-01-08 10:00:00;100
2025-01-08 11:00:00;100
2025-01-08 12:00:00;100
2025-01-08 13:00:00;99.32
2025-01-08 14:00:00;96.95
2025-01-08 15:00:00;96.07
2025-01-08 16:00:00;97.12
2025-01-08 17:00:00;98.42
2025-01-08 18:00:00;99.43
2025-01-08 19:00:00;99.65
2025-01-08 20:00:00;99.93
2025-01-08 21:00:00;100
2025-01-08 22:00:00;100
2025-01-08 23:00:00;100
2025-01-09 00:00:00;100
2025-01-09 01:00:00;100
2025-01-09 02:00:00;100
2025-01-09 03:00:00;100
2025-01-09 04:00:00;100
2025-01-09 05:00:00;100
2025-01-09 06:00:00;100
2025-01-09 07:00:00;100
2025-01-09 08:00:00;100
2025-01-09 09:00:00;100
2025-01-09 10:00:00;100
2025-01-09 11:00:00;100
2025-01-09 12:00:00;100
2025-01-09 13:00:00;100
2025-01-09 14:00:00;100
2025-01-09 15:00:00;100
2025-01-09 16:00:00;100
2025-01-09 17:00:00;100
2025-01-09 18:00:00;100
2025-01-09 19:00:00;100
2025-01-09 20:00:00;100
2025-01-09 21:00:00;100
2025-01-09 22:00:00;100
2025-01-09 23:00:00;100
2025-01-10 00:00:00;100
2025-01-10 01:00:00;100
2025-01-10 02:00:00;100
2025-01-10 03:00:00;100
2025-01-10 04:00:00;100
2025-01-10 05:00:00;100
2025-01-10 06:00:00;100
2025-01-10 07:00:00;100
2025-01-10 08:00:00;100
2025-01-10 09:00:00;100
2025-01-10 10:00:00;95.42
2025-01-10 11:00:00;91.27
2025-01-10 12:00:00;86.97
2025-01-10 13:00:00;81.22
2025-01-10 14:00:00;80.9
2025-01-10 15:00:00;77.8
2025-01-10 16:00:00;81.13
2025-01-10 17:00:00;89.37
2025-01-10 18:00:00;94.73
2025-01-10 19:00:00;95.72
2025-01-10 20:00:00;95.92
2025-01-10 21:00:00;96.15
2025-01-10 22:00:00;90.45
2025-01-10 23:00:00;85.9
2025-01-11 00:00:00;86.07
2025-01-11 01:00:00;89.72
2025-01-11 02:00:00;95.02
2025-01-11 03:00:00;94.15
2025-01-11 04:00:00;96.63
2025-01-11 05:00:00;98.37
2025-01-11 06:00:00;99.93
2025-01-11 07:00:00;100
2025-01-11 08:00:00;97.53
2025-01-11 09:00:00;88.72
2025-01-11 10:00:00;75.83
2025-01-11 11:00:00;73.33
2025-01-11 12:00:00;73.1
2025-01-11 13:00:00;71.55
2025-01-11 14:00:00;68.57
2025-01-11 15:00:00;66.85
2025-01-11 16:00:00;73.6
2025-01-11 17:00:00;86.28
2025-01-11 18:00:00;93.03
2025-01-11 19:00:00;95.85
2025-01-11 20:00:00;97.67
2025-01-11 21:00:00;99.07
2025-01-11 22:00:00;99.63
2025-01-11 23:00:00;98.32
2025-01-12 00:00:00;98.43
2025-01-12 01:00:00;99.05
2025-01-12 02:00:00;99.72
2025-01-12 03:00:00;99.58
2025-01-12 04:00:00;99.72
2025-01-12 05:00:00;99.15
2025-01-12 06:00:00;99.45
2025-01-12 07:00:00;98.08
2025-01-12 08:00:00;96.52
2025-01-12 09:00:00;91.78
2025-01-12 10:00:00;84.48
2025-01-12 11:00:00;73.18
2025-01-12 12:00:00;63.28
2025-01-12 13:00:00;60.78
2025-01-12 14:00:00;56.78
2025-01-12 15:00:00;58.67
2025-01-12 16:00:00;68.37
2025-01-12 17:00:00;79.93
2025-01-12 18:00:00;86.45
2025-01-12 19:00:00;89.98
2025-01-12 20:00:00;91.95
2025-01-12 21:00:00;92.23
2025-01-12 22:00:00;92.33
2025-01-12 23:00:00;95.1
2025-01-13 00:00:00;98.13
2025-01-13 01:00:00;98.57
2025-01-13 02:00:00;99.35
2025-01-13 03:00:00;99.28
2025-01-13 04:00:00;99.08
2025-01-13 05:00:00;99.7
2025-01-13 06:00:00;99.32
2025-01-13 07:00:00;98.82
2025-01-13 08:00:00;97.58
2025-01-13 09:00:00;89.45
2025-01-13 10:00:00;82.87
2025-01-13 11:00:00;73.22
2025-01-13 12:00:00;64.66
2025-01-13 13:00:00;61.58
2025-01-13 14:00:00;61.55
2025-01-13 15:00:00;62.78
2025-01-13 16:00:00;67.13
2025-01-13 17:00:00;73.98
2025-01-13 18:00:00;77.2
2025-01-13 19:00:00;80.65
2025-01-13 20:00:00;84.6
2025-01-13 21:00:00;87.95
2025-01-13 22:00:00;89.05
2025-01-13 23:00:00;92.02
2025-01-14 00:00:00;90.33
2025-01-14 01:00:00;87.63
2025-01-14 02:00:00;87.68
2025-01-14 03:00:00;84.97
2025-01-14 04:00:00;85.25
2025-01-14 05:00:00;89.02
2025-01-14 06:00:00;88.48
2025-01-14 07:00:00;90.22
2025-01-14 08:00:00;89.62
2025-01-14 09:00:00;84.22
2025-01-14 10:00:00;77.35
2025-01-14 11:00:00;70.52
2025-01-14 12:00:00;65.22
2025-01-14 13:00:00;59.97
2025-01-14 14:00:00;57.08
2025-01-14 15:00:00;58.07
2025-01-14 16:00:00;65.17
2025-01-14 17:00:00;77.13
2025-01-14 18:00:00;84.42
2025-01-14 19:00:00;88.77
2025-01-14 20:00:00;88.65
2025-01-14 21:00:00;90.65
2025-01-14 22:00:00;93.43
2025-01-14 23:00:00;94.35
2025-01-15 00:00:00;94.5
2025-01-15 01:00:00;93.18
2025-01-15 02:00:00;92.9
2025-01-15 03:00:00;93.88
2025-01-15 04:00:00;94.9
2025-01-15 05:00:00;93.42
2025-01-15 06:00:00;92.53
2025-01-15 07:00:00;92.08
2025-01-15 08:00:00;87.75
2025-01-15 09:00:00;79.09
2025-01-15 10:00:00;70.55
2025-01-15 11:00:00;66.63
2025-01-15 12:00:00;62.87
2025-01-15 13:00:00;62.05
2025-01-15 14:00:00;60.18
2025-01-15 15:00:00;60
2025-01-15 16:00:00;70.17
2025-01-15 17:00:00;83.05
2025-01-15 18:00:00;89.12
2025-01-15 19:00:00;91.93
2025-01-15 20:00:00;92.07
2025-01-15 21:00:00;93.82
2025-01-15 22:00:00;93.58
2025-01-15 23:00:00;94.08
2025-01-16 00:00:00;91.78
2025-01-16 01:00:00;91.75
2025-01-16 02:00:00;88.95
2025-01-16 03:00:00;91.03
2025-01-16 04:00:00;90.92
2025-01-16 05:00:00;90.67
2025-01-16 06:00:00;91.77
2025-01-16 07:00:00;91.9
2025-01-16 08:00:00;91.95
2025-01-16 09:00:00;89.4
2025-01-16 10:00:00;87.97
2025-01-16 11:00:00;82.48
2025-01-16 12:00:00;74.65
2025-01-16 13:00:00;73.72
2025-01-16 14:00:00;72.15
2025-01-16 15:00:00;70.77
2025-01-16 16:00:00;77.2
2025-01-16 17:00:00;86.85
2025-01-16 18:00:00;90.43
2025-01-16 19:00:00;94.37
2025-01-16 20:00:00;95.48
2025-01-16 21:00:00;96.42
2025-01-16 22:00:00;97.68
2025-01-16 23:00:00;98.62
2025-01-17 00:00:00;98.93
2025-01-17 01:00:00;98.18
2025-01-17 02:00:00;98.43
2025-01-17 03:00:00;98.37
2025-01-17 04:00:00;98.38
2025-01-17 05:00:00;99.25
2025-01-17 06:00:00;99.5
2025-01-17 07:00:00;99.58
2025-01-17 08:00:00;99.82
2025-01-17 09:00:00;99.5
2025-01-17 10:00:00;91.85
2025-01-17 11:00:00;79.23
2025-01-17 12:00:00;73.95
2025-01-17 13:00:00;69.78
2025-01-17 14:00:00;65.37
2025-01-17 15:00:00;63.1
2025-01-17 16:00:00;70.92
2025-01-17 17:00:00;82.02
2025-01-17 18:00:00;91
2025-01-17 19:00:00;94.54
2025-01-17 20:00:00;97.92
2025-01-17 21:00:00;98.77
2025-01-17 22:00:00;98.6
2025-01-17 23:00:00;96.82
2025-01-18 00:00:00;97.03
2025-01-18 01:00:00;96.02
2025-01-18 02:00:00;95.65
2025-01-18 03:00:00;96.45
2025-01-18 04:00:00;97.45
2025-01-18 05:00:00;97.93
2025-01-18 06:00:00;94.43
2025-01-18 07:00:00;93.65
2025-01-18 08:00:00;92.98
2025-01-18 09:00:00;92.38
2025-01-18 10:00:00;90.43
2025-01-18 11:00:00;84.58
2025-01-18 12:00:00;80.42
2025-01-18 13:00:00;76.9
2025-01-18 14:00:00;72.07
2025-01-18 15:00:00;71.73
2025-01-18 16:00:00;78.23
2025-01-18 17:00:00;86.08
2025-01-18 18:00:00;90.78
2025-01-18 19:00:00;88.55
2025-01-18 20:00:00;87.53
2025-01-18 21:00:00;86.75
2025-01-18 22:00:00;86.13
2025-01-18 23:00:00;88.05
2025-01-19 00:00:00;92.47
2025-01-19 01:00:00;95.12
2025-01-19 02:00:00;93.63
2025-01-19 03:00:00;95.85
2025-01-19 04:00:00;96.97
2025-01-19 05:00:00;97.7
2025-01-19 06:00:00;98.1
2025-01-19 07:00:00;97.28
2025-01-19 08:00:00;95.98
2025-01-19 09:00:00;94.23
2025-01-19 10:00:00;94.07
2025-01-19 11:00:00;91.37
2025-01-19 12:00:00;85.73
2025-01-19 13:00:00;82.95
2025-01-19 14:00:00;82.58
2025-01-19 15:00:00;85.08
2025-01-19 16:00:00;89.22
2025-01-19 17:00:00;91.93
2025-01-19 18:00:00;94.18
2025-01-19 19:00:00;95.48
2025-01-19 20:00:00;96.85
2025-01-19 21:00:00;97.07
2025-01-19 22:00:00;98.23
2025-01-19 23:00:00;96.15
2025-01-20 00:00:00;97.8
2025-01-20 01:00:00;98.25
2025-01-20 02:00:00;99.03
2025-01-20 03:00:00;99.77
2025-01-20 04:00:00;99.98
2025-01-20 05:00:00;100
2025-01-20 06:00:00;100
2025-01-20 07:00:00;100
2025-01-20 08:00:00;100
2025-01-20 09:00:00;100
2025-01-20 10:00:00;100
2025-01-20 11:00:00;100
2025-01-20 12:00:00;100
2025-01-20 13:00:00;100
2025-01-20 14:00:00;99.92
2025-01-20 15:00:00;99.55
2025-01-20 16:00:00;99.88
2025-01-20 17:00:00;100
2025-01-20 18:00:00;100
2025-01-20 19:00:00;100
2025-01-20 20:00:00;100
2025-01-20 21:00:00;100
2025-01-20 22:00:00;100
2025-01-20 23:00:00;100
2025-01-21 00:00:00;100
2025-01-21 01:00:00;100
2025-01-21 02:00:00;100
2025-01-21 03:00:00;100
2025-01-21 04:00:00;100
2025-01-21 05:00:00;100
2025-01-21 06:00:00;100
2025-01-21 07:00:00;100
2025-01-21 08:00:00;100
2025-01-21 09:00:00;100
2025-01-21 10:00:00;99.5
2025-01-21 11:00:00;97.45
2025-01-21 12:00:00;95.3
2025-01-21 13:00:00;94.77
2025-01-21 14:00:00;93.02
2025-01-21 15:00:00;90.52
2025-01-21 16:00:00;93.88
2025-01-21 17:00:00;98.53
2025-01-21 18:00:00;99.8
2025-01-21 19:00:00;100
2025-01-21 20:00:00;100
2025-01-21 21:00:00;100
2025-01-21 22:00:00;100
2025-01-21 23:00:00;100
2025-01-22 00:00:00;100
2025-01-22 01:00:00;100
2025-01-22 02:00:00;100
2025-01-22 03:00:00;100
2025-01-22 04:00:00;100
2025-01-22 05:00:00;100
2025-01-22 06:00:00;100
2025-01-22 07:00:00;100
2025-01-22 08:00:00;100
2025-01-22 09:00:00;100
2025-01-22 10:00:00;100
2025-01-22 11:00:00;100
2025-01-22 12:00:00;100
2025-01-22 13:00:00;100
2025-01-22 14:00:00;100
2025-01-22 15:00:00;100
2025-01-22 16:00:00;100
2025-01-22 17:00:00;100
2025-01-22 18:00:00;100
2025-01-22 19:00:00;100
2025-01-22 20:00:00;100
2025-01-22 21:00:00;100
2025-01-22 22:00:00;100
2025-01-22 23:00:00;100
2025-01-23 00:00:00;100
2025-01-23 01:00:00;100
2025-01-23 02:00:00;100
2025-01-23 03:00:00;100
2025-01-23 04:00:00;100
2025-01-23 05:00:00;100
2025-01-23 06:00:00;100
2025-01-23 07:00:00;100
2025-01-23 08:00:00;100
2025-01-23 09:00:00;100
2025-01-23 10:00:00;100
2025-01-23 11:00:00;100
2025-01-23 12:00:00;100
2025-01-23 13:00:00;100
2025-01-23 14:00:00;100
2025-01-23 15:00:00;100
2025-01-23 16:00:00;100
2025-01-23 17:00:00;100
2025-01-23 18:00:00;100
2025-01-23 19:00:00;100
2025-01-23 20:00:00;100
2025-01-23 21:00:00;100
2025-01-23 22:00:00;100
2025-01-23 23:00:00;100
2025-01-24 00:00:00;100
2025-01-24 01:00:00;100
2025-01-24 02:00:00;100
2025-01-24 03:00:00;100
2025-01-24 04:00:00;99.85
2025-01-24 05:00:00;99.95
2025-01-24 06:00:00;100
2025-01-24 07:00:00;100
2025-01-24 08:00:00;100
2025-01-24 09:00:00;100
2025-01-24 10:00:00;100
2025-01-24 11:00:00;98.85
2025-01-24 12:00:00;97.38
2025-01-24 13:00:00;91.47
2025-01-24 14:00:00;91.53
2025-01-24 15:00:00;92.48
2025-01-24 16:00:00;99.15
2025-01-24 17:00:00;99.95
2025-01-24 18:00:00;100
2025-01-24 19:00:00;100
2025-01-24 20:00:00;100
2025-01-24 21:00:00;100
2025-01-24 22:00:00;100
2025-01-24 23:00:00;100
2025-01-25 00:00:00;100
2025-01-25 01:00:00;100
2025-01-25 02:00:00;100
2025-01-25 03:00:00;100
2025-01-25 04:00:00;100
2025-01-25 05:00:00;100
2025-01-25 06:00:00;100
2025-01-25 07:00:00;100
2025-01-25 08:00:00;100
2025-01-25 09:00:00;100
2025-01-25 10:00:00;100
2025-01-25 11:00:00;100
2025-01-25 12:00:00;100
2025-01-25 13:00:00;98.28
2025-01-25 14:00:00;96.72
2025-01-25 15:00:00;96.73
2025-01-25 16:00:00;97.17
2025-01-25 17:00:00;97.85
2025-01-25 18:00:00;98.3
2025-01-25 19:00:00;99.05
2025-01-25 20:00:00;99.65
2025-01-25 21:00:00;99.95
2025-01-25 22:00:00;100
2025-01-25 23:00:00;100
2025-01-26 00:00:00;100
2025-01-26 01:00:00;100
2025-01-26 02:00:00;100
2025-01-26 03:00:00;100
2025-01-26 04:00:00;100
2025-01-26 05:00:00;100
2025-01-26 06:00:00;100
2025-01-26 07:00:00;100
2025-01-26 08:00:00;100
2025-01-26 09:00:00;100
2025-01-26 10:00:00;100
2025-01-26 11:00:00;100
2025-01-26 12:00:00;100
2025-01-26 13:00:00;99.77
2025-01-26 14:00:00;96.68
2025-01-26 15:00:00;94.4
2025-01-26 16:00:00;94.92
2025-01-26 17:00:00;97.93
2025-01-26 18:00:00;99.95
2025-01-26 19:00:00;100
2025-01-26 20:00:00;100
2025-01-26 21:00:00;100
2025-01-26 22:00:00;100
2025-01-26 23:00:00;100
2025-01-27 00:00:00;100
2025-01-27 01:00:00;100
2025-01-27 02:00:00;100
2025-01-27 03:00:00;100
2025-01-27 04:00:00;100
2025-01-27 05:00:00;100
2025-01-27 06:00:00;100
2025-01-27 07:00:00;100
2025-01-27 08:00:00;100
2025-01-27 09:00:00;99.8
2025-01-27 10:00:00;98.92
2025-01-27 11:00:00;97.02
2025-01-27 12:00:00;97.23
2025-01-27 13:00:00;96.97
2025-01-27 14:00:00;97.35
2025-01-27 15:00:00;97.63
2025-01-27 16:00:00;98.32
2025-01-27 17:00:00;98.95
2025-01-27 18:00:00;99.02
2025-01-27 19:00:00;98.98
2025-01-27 20:00:00;98.98
2025-01-27 21:00:00;99.77
2025-01-27 22:00:00;100
2025-01-27 23:00:00;100
2025-01-28 00:00:00;100
2025-01-28 01:00:00;100
2025-01-28 02:00:00;100
2025-01-28 03:00:00;100
2025-01-28 04:00:00;100
2025-01-28 05:00:00;100
2025-01-28 06:00:00;100
2025-01-28 07:00:00;93.57
2025-01-28 08:00:00;74.12
2025-01-28 09:00:00;63.47
2025-01-28 10:00:00;58.67
2025-01-28 11:00:00;45.6
2025-01-28 12:00:00;48.65
2025-01-28 13:00:00;50.32
2025-01-28 14:00:00;48.73
2025-01-28 15:00:00;51.63
2025-01-28 16:00:00;58.58
2025-01-28 17:00:00;68.95
2025-01-28 18:00:00;77.37
2025-01-28 19:00:00;81.03
2025-01-28 20:00:00;82.05
2025-01-28 21:00:00;71.6
2025-01-28 22:00:00;83.08
2025-01-28 23:00:00;89.48
2025-01-29 00:00:00;92.37
2025-01-29 01:00:00;95.45
2025-01-29 02:00:00;95.65
2025-01-29 03:00:00;95.78
2025-01-29 04:00:00;95.82
2025-01-29 05:00:00;97.6
2025-01-29 06:00:00;98.03
2025-01-29 07:00:00;97.85
2025-01-29 08:00:00;95.7
2025-01-29 09:00:00;93.85
2025-01-29 10:00:00;93.25
2025-01-29 11:00:00;88.58
2025-01-29 12:00:00;84.07
2025-01-29 13:00:00;76.88
2025-01-29 14:00:00;74.68
2025-01-29 15:00:00;72.38
2025-01-29 16:00:00;77
2025-01-29 17:00:00;86.2
2025-01-29 18:00:00;93.8
2025-01-29 19:00:00;96
2025-01-29 20:00:00;98.08
2025-01-29 21:00:00;99.23
2025-01-29 22:00:00;99.8
2025-01-29 23:00:00;99.95
2025-01-30 00:00:00;100
2025-01-30 01:00:00;100
2025-01-30 02:00:00;100
2025-01-30 03:00:00;100
2025-01-30 04:00:00;100
2025-01-30 05:00:00;100
2025-01-30 06:00:00;100
2025-01-30 07:00:00;100
2025-01-30 08:00:00;100
2025-01-30 09:00:00;99.53
2025-01-30 10:00:00;90.23
2025-01-30 11:00:00;87.5
2025-01-30 12:00:00;86.87
2025-01-30 13:00:00;90.63
2025-01-30 14:00:00;88.05
2025-01-30 15:00:00;83.47
2025-01-30 16:00:00;88.7
2025-01-30 17:00:00;95.42
2025-01-30 18:00:00;98.5
2025-01-30 19:00:00;99.72
2025-01-30 20:00:00;100
2025-01-30 21:00:00;100
2025-01-30 22:00:00;100
2025-01-30 23:00:00;100
2025-01-31 00:00:00;100
2025-01-31 01:00:00;100
2025-01-31 02:00:00;100
2025-01-31 03:00:00;100
2025-01-31 04:00:00;100
2025-01-31 05:00:00;100
2025-01-31 06:00:00;100
2025-01-31 07:00:00;100
2025-01-31 08:00:00;100
2025-01-31 09:00:00;100
2025-01-31 10:00:00;100
2025-01-31 11:00:00;99.38
2025-01-31 12:00:00;97.87
2025-01-31 13:00:00;96.25
2025-01-31 14:00:00;98.1
2025-01-31 15:00:00;98.2
2025-01-31 16:00:00;99.13
2025-01-31 17:00:00;99.93
2025-01-31 18:00:00;100
2025-01-31 19:00:00;100
2025-01-31 20:00:00;100
2025-01-31 21:00:00;100
2025-01-31 22:00:00;100
2025-01-31 23:00:00;100
2025-02-01 00:00:00;100
2025-02-01 01:00:00;100
2025-02-01 02:00:00;100
2025-02-01 03:00:00;100
2025-02-01 04:00:00;100
2025-02-01 05:00:00;100
2025-02-01 06:00:00;100
2025-02-01 07:00:00;100
2025-02-01 08:00:00;100
2025-02-01 09:00:00;100
2025-02-01 10:00:00;99.88
2025-02-01 11:00:00;98.77
2025-02-01 12:00:00;96.78
2025-02-01 13:00:00;95.92
2025-02-01 14:00:00;95.48
2025-02-01 15:00:00;92.5
2025-02-01 16:00:00;91.07
2025-02-01 17:00:00;90.65
2025-02-01 18:00:00;92.38
2025-02-01 19:00:00;95.08
2025-02-01 20:00:00;97.28
2025-02-01 21:00:00;99.13
2025-02-01 22:00:00;99.95
2025-02-01 23:00:00;100
2025-02-02 00:00:00;100
2025-02-02 01:00:00;100
2025-02-02 02:00:00;100
2025-02-02 03:00:00;100
2025-02-02 04:00:00;100
2025-02-02 05:00:00;100
2025-02-02 06:00:00;100
2025-02-02 07:00:00;100
2025-02-02 08:00:00;100
2025-02-02 09:00:00;100
2025-02-02 10:00:00;100
2025-02-02 11:00:00;97.32
2025-02-02 12:00:00;86.32
2025-02-02 13:00:00;83.12
2025-02-02 14:00:00;82.02
2025-02-02 15:00:00;82.07
2025-02-02 16:00:00;88.22
2025-02-02 17:00:00;94.93
2025-02-02 18:00:00;94.93
2025-02-02 19:00:00;96.73
2025-02-02 20:00:00;99.72
2025-02-02 21:00:00;99.98
2025-02-02 22:00:00;100
2025-02-02 23:00:00;100
2025-02-03 00:00:00;100
2025-02-03 01:00:00;100
2025-02-03 02:00:00;100
2025-02-03 03:00:00;100
2025-02-03 04:00:00;100
2025-02-03 05:00:00;100
2025-02-03 06:00:00;100
2025-02-03 07:00:00;100
2025-02-03 08:00:00;100
2025-02-03 09:00:00;99.83
2025-02-03 10:00:00;94.25
2025-02-03 11:00:00;85.82
2025-02-03 12:00:00;79.45
2025-02-03 13:00:00;75.7
2025-02-03 14:00:00;72.57
2025-02-03 15:00:00;72.27
2025-02-03 16:00:00;75.23
2025-02-03 17:00:00;88.57
2025-02-03 18:00:00;96.45
2025-02-03 19:00:00;99.12
2025-02-03 20:00:00;99.92
2025-02-03 21:00:00;100
2025-02-03 22:00:00;100
2025-02-03 23:00:00;100
2025-02-04 00:00:00;100
2025-02-04 01:00:00;100
2025-02-04 02:00:00;100
2025-02-04 03:00:00;100
2025-02-04 04:00:00;100
2025-02-04 05:00:00;100
2025-02-04 06:00:00;100
2025-02-04 07:00:00;100
2025-02-04 08:00:00;100
2025-02-04 09:00:00;99.2
2025-02-04 10:00:00;78
2025-02-04 11:00:00;69.33
2025-02-04 12:00:00;64.83
2025-02-04 13:00:00;61.02
2025-02-04 14:00:00;61.67
2025-02-04 15:00:00;62.13
2025-02-04 16:00:00;62.93
2025-02-04 17:00:00;78.87
2025-02-04 18:00:00;87.25
2025-02-04 19:00:00;92.15
2025-02-04 20:00:00;94.9
2025-02-04 21:00:00;96.27
2025-02-04 22:00:00;96.85
2025-02-04 23:00:00;98.1
2025-02-05 00:00:00;98.95
2025-02-05 01:00:00;99.02
2025-02-05 02:00:00;99.55
2025-02-05 03:00:00;99.75
2025-02-05 04:00:00;100
2025-02-05 05:00:00;100
2025-02-05 06:00:00;100
2025-02-05 07:00:00;100
2025-02-05 08:00:00;99.88
2025-02-05 09:00:00;92.67
2025-02-05 10:00:00;84.87
2025-02-05 11:00:00;79.02
2025-02-05 12:00:00;76.35
2025-02-05 13:00:00;74.02
2025-02-05 14:00:00;71.17
2025-02-05 15:00:00;67.88
2025-02-05 16:00:00;85.6
2025-02-05 17:00:00;94.6
2025-02-05 18:00:00;98.47
2025-02-05 19:00:00;99.87
2025-02-05 20:00:00;100
2025-02-05 21:00:00;100
2025-02-05 22:00:00;100
2025-02-05 23:00:00;100
2025-02-06 00:00:00;100
2025-02-06 01:00:00;100
2025-02-06 02:00:00;100
2025-02-06 03:00:00;100
2025-02-06 04:00:00;100
2025-02-06 05:00:00;100
2025-02-06 06:00:00;100
2025-02-06 07:00:00;100
2025-02-06 08:00:00;100
2025-02-06 09:00:00;100
2025-02-06 10:00:00;100
2025-02-06 11:00:00;100
2025-02-06 12:00:00;100
2025-02-06 13:00:00;99.17
2025-02-06 14:00:00;78.83
2025-02-06 15:00:00;76.03
2025-02-06 16:00:00;79.93
2025-02-06 17:00:00;87.5
2025-02-06 18:00:00;94.85
2025-02-06 19:00:00;98.75
2025-02-06 20:00:00;99.45
2025-02-06 21:00:00;100
2025-02-06 22:00:00;100
2025-02-06 23:00:00;100
2025-02-07 00:00:00;100
2025-02-07 01:00:00;100
2025-02-07 02:00:00;100
2025-02-07 03:00:00;100
2025-02-07 04:00:00;100
2025-02-07 05:00:00;100
2025-02-07 06:00:00;100
2025-02-07 07:00:00;100
2025-02-07 08:00:00;100
2025-02-07 09:00:00;99.35
2025-02-07 10:00:00;86.38
2025-02-07 11:00:00;80.26
2025-02-07 12:00:00;77.82
2025-02-07 13:00:00;76.38
2025-02-07 14:00:00;75.06
2025-02-07 15:00:00;76.53
2025-02-07 16:00:00;78.97
2025-02-07 17:00:00;82.7
2025-02-07 18:00:00;85.87
2025-02-07 19:00:00;89.65
2025-02-07 20:00:00;90.8
2025-02-07 21:00:00;89.48
2025-02-07 22:00:00;89.83
2025-02-07 23:00:00;91.05
2025-02-08 00:00:00;92.17
2025-02-08 01:00:00;92.48
2025-02-08 02:00:00;92.9
2025-02-08 03:00:00;93.47
2025-02-08 04:00:00;93.77
2025-02-08 05:00:00;91.67
2025-02-08 06:00:00;93.1
2025-02-08 07:00:00;91.05
2025-02-08 08:00:00;88.53
2025-02-08 09:00:00;84.77
2025-02-08 10:00:00;84.95
2025-02-08 11:00:00;86.4
2025-02-08 12:00:00;86.07
2025-02-08 13:00:00;85.77
2025-02-08 14:00:00;84.2
2025-02-08 15:00:00;90.82
2025-02-08 16:00:00;97.35
2025-02-08 17:00:00;99.33
2025-02-08 18:00:00;99.82
2025-02-08 19:00:00;100
2025-02-08 20:00:00;100
2025-02-08 21:00:00;100
2025-02-08 22:00:00;100
2025-02-08 23:00:00;100
2025-02-09 00:00:00;100
2025-02-09 01:00:00;100
2025-02-09 02:00:00;100
2025-02-09 03:00:00;100
2025-02-09 04:00:00;100
2025-02-09 05:00:00;100
2025-02-09 06:00:00;100
2025-02-09 07:00:00;100
2025-02-09 08:00:00;100
2025-02-09 09:00:00;100
2025-02-09 10:00:00;100
2025-02-09 11:00:00;100
2025-02-09 12:00:00;100
2025-02-09 13:00:00;100
2025-02-09 14:00:00;100
2025-02-09 15:00:00;100
2025-02-09 16:00:00;100
2025-02-09 17:00:00;100
2025-02-09 18:00:00;100
2025-02-09 19:00:00;100
2025-02-09 20:00:00;100
2025-02-09 21:00:00;100
2025-02-09 22:00:00;100
2025-02-09 23:00:00;100
2025-02-10 00:00:00;100
2025-02-10 01:00:00;100
2025-02-10 02:00:00;100
2025-02-10 03:00:00;100
2025-02-10 04:00:00;100
2025-02-10 05:00:00;100
2025-02-10 06:00:00;100
2025-02-10 07:00:00;100
2025-02-10 08:00:00;100
2025-02-10 09:00:00;100
2025-02-10 10:00:00;100
2025-02-10 11:00:00;100
2025-02-10 12:00:00;100
2025-02-10 13:00:00;100
2025-02-10 14:00:00;100
2025-02-10 15:00:00;100
2025-02-10 16:00:00;100
2025-02-10 17:00:00;100
2025-02-10 18:00:00;100
2025-02-10 19:00:00;100
2025-02-10 20:00:00;100
2025-02-10 21:00:00;100
2025-02-10 22:00:00;100
2025-02-10 23:00:00;100
2025-02-11 00:00:00;100
2025-02-11 01:00:00;100
2025-02-11 02:00:00;100
2025-02-11 03:00:00;100
2025-02-11 04:00:00;100
2025-02-11 05:00:00;100
2025-02-11 06:00:00;100
2025-02-11 07:00:00;100
2025-02-11 08:00:00;100
2025-02-11 09:00:00;100
2025-02-11 10:00:00;98.93
2025-02-11 11:00:00;94.25
2025-02-11 12:00:00;91.6
2025-02-11 13:00:00;92.03
2025-02-11 14:00:00;93.45
2025-02-11 15:00:00;93.9
2025-02-11 16:00:00;95.03
2025-02-11 17:00:00;98.65
2025-02-11 18:00:00;99.9
2025-02-11 19:00:00;100
2025-02-11 20:00:00;100
2025-02-11 21:00:00;100
2025-02-11 22:00:00;100
2025-02-11 23:00:00;100
2025-02-12 00:00:00;100
2025-02-12 01:00:00;100
2025-02-12 02:00:00;100
2025-02-12 03:00:00;100
2025-02-12 04:00:00;100
2025-02-12 05:00:00;100
2025-02-12 06:00:00;100
2025-02-12 07:00:00;100
2025-02-12 08:00:00;100
2025-02-12 09:00:00;100
2025-02-12 10:00:00;100
2025-02-12 11:00:00;100
2025-02-12 12:00:00;100
2025-02-12 13:00:00;100
2025-02-12 14:00:00;100
2025-02-12 15:00:00;99.92
2025-02-12 16:00:00;99.92
2025-02-12 17:00:00;100
2025-02-12 18:00:00;100
2025-02-12 19:00:00;100
2025-02-12 20:00:00;100
2025-02-12 21:00:00;100
2025-02-12 22:00:00;100
2025-02-12 23:00:00;100
2025-02-13 00:00:00;100
2025-02-13 01:00:00;100
2025-02-13 02:00:00;100
2025-02-13 03:00:00;100
2025-02-13 04:00:00;100
2025-02-13 05:00:00;100
2025-02-13 06:00:00;100
2025-02-13 07:00:00;100
2025-02-13 08:00:00;100
2025-02-13 09:00:00;100
2025-02-13 10:00:00;100
2025-02-13 11:00:00;100
2025-02-13 12:00:00;100
2025-02-13 13:00:00;100
2025-02-13 14:00:00;100
2025-02-13 15:00:00;100
2025-02-13 16:00:00;97.98
2025-02-13 17:00:00;99.08
2025-02-13 18:00:00;99.9
2025-02-13 19:00:00;100
2025-02-13 20:00:00;100
2025-02-13 21:00:00;100
2025-02-13 22:00:00;100
2025-02-13 23:00:00;100
2025-02-14 00:00:00;100
2025-02-14 01:00:00;100
2025-02-14 02:00:00;100
2025-02-14 03:00:00;100
2025-02-14 04:00:00;100
2025-02-14 05:00:00;100
2025-02-14 06:00:00;100
2025-02-14 07:00:00;100
2025-02-14 08:00:00;100
2025-02-14 09:00:00;100
2025-02-14 10:00:00;100
2025-02-14 11:00:00;98.83
2025-02-14 12:00:00;96.68
2025-02-14 13:00:00;97.42
2025-02-14 14:00:00;97.25
2025-02-14 15:00:00;99.62
2025-02-14 16:00:00;99.75
2025-02-14 17:00:00;99.98
2025-02-14 18:00:00;100
2025-02-14 19:00:00;100
2025-02-14 20:00:00;100
2025-02-14 21:00:00;100
2025-02-14 22:00:00;100
2025-02-14 23:00:00;100
2025-02-15 00:00:00;100
2025-02-15 01:00:00;99.92
2025-02-15 02:00:00;99.88
2025-02-15 03:00:00;100
2025-02-15 04:00:00;100
2025-02-15 05:00:00;100
2025-02-15 06:00:00;100
2025-02-15 07:00:00;100
2025-02-15 08:00:00;100
2025-02-15 09:00:00;97
2025-02-15 10:00:00;86.15
2025-02-15 11:00:00;74.77
2025-02-15 12:00:00;69.42
2025-02-15 13:00:00;67.18
2025-02-15 14:00:00;60.22
2025-02-15 15:00:00;58.7
2025-02-15 16:00:00;61.42
2025-02-15 17:00:00;72.87
2025-02-15 18:00:00;79.57
2025-02-15 19:00:00;86.33
2025-02-15 20:00:00;91.5
2025-02-15 21:00:00;96.47
2025-02-15 22:00:00;98.95
2025-02-15 23:00:00;99.75
2025-02-16 00:00:00;100
2025-02-16 01:00:00;100
2025-02-16 02:00:00;100
2025-02-16 03:00:00;100
2025-02-16 04:00:00;100
2025-02-16 05:00:00;100
2025-02-16 06:00:00;100
2025-02-16 07:00:00;100
2025-02-16 08:00:00;95.48
2025-02-16 09:00:00;82.25
2025-02-16 10:00:00;80.82
2025-02-16 11:00:00;77.08
2025-02-16 12:00:00;73.3
2025-02-16 13:00:00;68.68
2025-02-16 14:00:00;67.4
2025-02-16 15:00:00;67.67
2025-02-16 16:00:00;71.38
2025-02-16 17:00:00;80.72
2025-02-16 18:00:00;90.23
2025-02-16 19:00:00;95.8
2025-02-16 20:00:00;96.17
2025-02-16 21:00:00;98.87
2025-02-16 22:00:00;99.63
2025-02-16 23:00:00;99.95
2025-02-17 00:00:00;100
2025-02-17 01:00:00;95.28
2025-02-17 02:00:00;89.87
2025-02-17 03:00:00;90.27
2025-02-17 04:00:00;88.93
2025-02-17 05:00:00;88.67
2025-02-17 06:00:00;85.57
2025-02-17 07:00:00;85.48
2025-02-17 08:00:00;79.05
2025-02-17 09:00:00;77.93
2025-02-17 10:00:00;77.93
2025-02-17 11:00:00;76.75
2025-02-17 12:00:00;75.08
2025-02-17 13:00:00;75.98
2025-02-17 14:00:00;74.27
2025-02-17 15:00:00;72.33
2025-02-17 16:00:00;74.82
2025-02-17 17:00:00;77.18
2025-02-17 18:00:00;78.33
2025-02-17 19:00:00;81.48
2025-02-17 20:00:00;86.92
2025-02-17 21:00:00;95.7
2025-02-17 22:00:00;98.58
2025-02-17 23:00:00;99.48
2025-02-18 00:00:00;98.77
2025-02-18 01:00:00;94.98
2025-02-18 02:00:00;93.07
2025-02-18 03:00:00;90.65
2025-02-18 04:00:00;90.65
2025-02-18 05:00:00;90.43
2025-02-18 06:00:00;93.17
2025-02-18 07:00:00;92.17
2025-02-18 08:00:00;90.77
2025-02-18 09:00:00;88.08
2025-02-18 10:00:00;85.53
2025-02-18 11:00:00;83.12
2025-02-18 12:00:00;80.72
2025-02-18 13:00:00;77.92
2025-02-18 14:00:00;78.85
2025-02-18 15:00:00;78
2025-02-18 16:00:00;78.68
2025-02-18 17:00:00;79.63
2025-02-18 18:00:00;80.93
2025-02-18 19:00:00;82.02
2025-02-18 20:00:00;82.72
2025-02-18 21:00:00;84.82
2025-02-18 22:00:00;85
2025-02-18 23:00:00;83.07
2025-02-19 00:00:00;79.92
2025-02-19 01:00:00;80.08
2025-02-19 02:00:00;81.1
2025-02-19 03:00:00;81.33
2025-02-19 04:00:00;79.27
2025-02-19 05:00:00;78.47
2025-02-19 06:00:00;77.47
2025-02-19 07:00:00;76.73
2025-02-19 08:00:00;76.18
2025-02-19 09:00:00;76.6
2025-02-19 10:00:00;75.55
2025-02-19 11:00:00;73.28
2025-02-19 12:00:00;72.83
2025-02-19 13:00:00;72.75
2025-02-19 14:00:00;71.28
2025-02-19 15:00:00;70.5
2025-02-19 16:00:00;71.33
2025-02-19 17:00:00;76.8
2025-02-19 18:00:00;78.32
2025-02-19 19:00:00;80.88
2025-02-19 20:00:00;82.35
2025-02-19 21:00:00;83.62
2025-02-19 22:00:00;82.98
2025-02-19 23:00:00;88.58
2025-02-20 00:00:00;93.72
2025-02-20 01:00:00;96.15
2025-02-20 02:00:00;95.93
2025-02-20 03:00:00;97.37
2025-02-20 04:00:00;97.88
2025-02-20 05:00:00;99.42
2025-02-20 06:00:00;99.97
2025-02-20 07:00:00;98.6
2025-02-20 08:00:00;84.27
2025-02-20 09:00:00;73.22
2025-02-20 10:00:00;63.55
2025-02-20 11:00:00;60.68
2025-02-20 12:00:00;56.1
2025-02-20 13:00:00;56.07
2025-02-20 14:00:00;56.43
2025-02-20 15:00:00;55.72
2025-02-20 16:00:00;59.22
2025-02-20 17:00:00;66.38
2025-02-20 18:00:00;79.57
2025-02-20 19:00:00;87.8
2025-02-20 20:00:00;91.98
2025-02-20 21:00:00;92.77
2025-02-20 22:00:00;95.22
2025-02-20 23:00:00;94.45
2025-02-21 00:00:00;96.72
2025-02-21 01:00:00;98.25
2025-02-21 02:00:00;99.05
2025-02-21 03:00:00;99.77
2025-02-21 04:00:00;99.8
2025-02-21 05:00:00;99.93
2025-02-21 06:00:00;100
2025-02-21 07:00:00;99.97
2025-02-21 08:00:00;94.4
2025-02-21 09:00:00;85.23
2025-02-21 10:00:00;76.1
2025-02-21 11:00:00;66.03
2025-02-21 12:00:00;58.8
2025-02-21 13:00:00;56.7
2025-02-21 14:00:00;56.63
2025-02-21 15:00:00;57.95
2025-02-21 16:00:00;60.85
2025-02-21 17:00:00;69.67
2025-02-21 18:00:00;83.23
2025-02-21 19:00:00;87.87
2025-02-21 20:00:00;93.1
2025-02-21 21:00:00;96.9
2025-02-21 22:00:00;95.47
2025-02-21 23:00:00;94.33
2025-02-22 00:00:00;92.48
2025-02-22 01:00:00;93.72
2025-02-22 02:00:00;94.98
2025-02-22 03:00:00;94.62
2025-02-22 04:00:00;93.98
2025-02-22 05:00:00;95.2
2025-02-22 06:00:00;95.95
2025-02-22 07:00:00;95.05
2025-02-22 08:00:00;91.65
2025-02-22 09:00:00;87.1
2025-02-22 10:00:00;84.47
2025-02-22 11:00:00;78.33
2025-02-22 12:00:00;74.62
2025-02-22 13:00:00;75.6
2025-02-22 14:00:00;76.25
2025-02-22 15:00:00;75.53
2025-02-22 16:00:00;77.23
2025-02-22 17:00:00;81.38
2025-02-22 18:00:00;84.12
2025-02-22 19:00:00;84.92
2025-02-22 20:00:00;88.88
2025-02-22 21:00:00;91.93
2025-02-22 22:00:00;93.05
2025-02-22 23:00:00;92.95
2025-02-23 00:00:00;92.75
2025-02-23 01:00:00;93.7
2025-02-23 02:00:00;93.97
2025-02-23 03:00:00;94.97
2025-02-23 04:00:00;96.45
2025-02-23 05:00:00;99.13
2025-02-23 06:00:00;99.65
2025-02-23 07:00:00;99.97
2025-02-23 08:00:00;98.68
2025-02-23 09:00:00;96.02
2025-02-23 10:00:00;90.55
2025-02-23 11:00:00;86.67
2025-02-23 12:00:00;82.32
2025-02-23 13:00:00;81.13
2025-02-23 14:00:00;81.08
2025-02-23 15:00:00;82.07
2025-02-23 16:00:00;85.55
2025-02-23 17:00:00;88.4
2025-02-23 18:00:00;92.42
2025-02-23 19:00:00;93.62
2025-02-23 20:00:00;94.17
2025-02-23 21:00:00;94.87
2025-02-23 22:00:00;96.35
2025-02-23 23:00:00;97.37
2025-02-24 00:00:00;97.83
2025-02-24 01:00:00;98.73
2025-02-24 02:00:00;99.28
2025-02-24 03:00:00;99.45
2025-02-24 04:00:00;99.8
2025-02-24 05:00:00;100
2025-02-24 06:00:00;100
2025-02-24 07:00:00;99.97
2025-02-24 08:00:00;98.2
2025-02-24 09:00:00;94.28
2025-02-24 10:00:00;90.68
2025-02-24 11:00:00;89.25
2025-02-24 12:00:00;88.13
2025-02-24 13:00:00;85.15
2025-02-24 14:00:00;82.58
2025-02-24 15:00:00;84.37
2025-02-24 16:00:00;86.58
2025-02-24 17:00:00;90.03
2025-02-24 18:00:00;92.6
2025-02-24 19:00:00;95.97
2025-02-24 20:00:00;97.87
2025-02-24 21:00:00;98.47
2025-02-24 22:00:00;99.38
2025-02-24 23:00:00;99.73
2025-02-25 00:00:00;100
2025-02-25 01:00:00;100
2025-02-25 02:00:00;100
2025-02-25 03:00:00;100
2025-02-25 04:00:00;100
2025-02-25 05:00:00;100
2025-02-25 06:00:00;100
2025-02-25 07:00:00;100
2025-02-25 08:00:00;100
2025-02-25 09:00:00;100
2025-02-25 10:00:00;100
2025-02-25 11:00:00;99.83
2025-02-25 12:00:00;99.57
2025-02-25 13:00:00;99.6
2025-02-25 14:00:00;99.78
2025-02-25 15:00:00;98.15
2025-02-25 16:00:00;96.5
2025-02-25 17:00:00;96.35
2025-02-25 18:00:00;95.93
2025-02-25 19:00:00;96.63
2025-02-25 20:00:00;97.97
2025-02-25 21:00:00;99.13
2025-02-25 22:00:00;99.13
2025-02-25 23:00:00;99.78
2025-02-26 00:00:00;100
2025-02-26 01:00:00;100
2025-02-26 02:00:00;100
2025-02-26 03:00:00;100
2025-02-26 04:00:00;100
2025-02-26 05:00:00;100
2025-02-26 06:00:00;100
2025-02-26 07:00:00;100
2025-02-26 08:00:00;100
2025-02-26 09:00:00;100
2025-02-26 10:00:00;100
2025-02-26 11:00:00;100
2025-02-26 12:00:00;100
2025-02-26 13:00:00;100
2025-02-26 14:00:00;99.93
2025-02-26 15:00:00;99.47
2025-02-26 16:00:00;99.07
2025-02-26 17:00:00;99.9
2025-02-26 18:00:00;100
2025-02-26 19:00:00;99.97
2025-02-26 20:00:00;99.78
2025-02-26 21:00:00;97.77
2025-02-26 22:00:00;97.87
2025-02-26 23:00:00;98.53
2025-02-27 00:00:00;99.85
2025-02-27 01:00:00;100
2025-02-27 02:00:00;100
2025-02-27 03:00:00;100
2025-02-27 04:00:00;100
2025-02-27 05:00:00;98.22
2025-02-27 06:00:00;98.73
2025-02-27 07:00:00;98.38
2025-02-27 08:00:00;95.68
2025-02-27 09:00:00;90.93
2025-02-27 10:00:00;88.28
2025-02-27 11:00:00;78.68
2025-02-27 12:00:00;70.65
2025-02-27 13:00:00;64.6
2025-02-27 14:00:00;62.78
2025-02-27 15:00:00;64.67
2025-02-27 16:00:00;67.57
2025-02-27 17:00:00;75.4
2025-02-27 18:00:00;88.6
2025-02-27 19:00:00;96.68
2025-02-27 20:00:00;96
2025-02-27 21:00:00;96.48
2025-02-27 22:00:00;96.8
2025-02-27 23:00:00;98.98
2025-02-28 00:00:00;99.77
2025-02-28 01:00:00;99.9
2025-02-28 02:00:00;100
2025-02-28 03:00:00;100
2025-02-28 04:00:00;100
2025-02-28 05:00:00;100
2025-02-28 06:00:00;100
2025-02-28 07:00:00;100
2025-02-28 08:00:00;100
2025-02-28 09:00:00;96.08
2025-02-28 10:00:00;89.2
2025-02-28 11:00:00;89.08
2025-02-28 12:00:00;88.37
2025-02-28 13:00:00;86.72
2025-02-28 14:00:00;87.62
2025-02-28 15:00:00;85.22
2025-02-28 16:00:00;87.93
2025-02-28 17:00:00;92.2
2025-02-28 18:00:00;95.67
2025-02-28 19:00:00;98.78
2025-02-28 20:00:00;98.95
2025-02-28 21:00:00;97.53
2025-02-28 22:00:00;98.83
2025-02-28 23:00:00;99.5
2025-03-01 00:00:00;97.05
2025-03-01 01:00:00;95.42
2025-03-01 02:00:00;97.57
2025-03-01 03:00:00;98.47
2025-03-01 04:00:00;97
2025-03-01 05:00:00;95.22
2025-03-01 06:00:00;96.17
2025-03-01 07:00:00;95.57
2025-03-01 08:00:00;95.45
2025-03-01 09:00:00;94.5
2025-03-01 10:00:00;91.23
2025-03-01 11:00:00;87.43
2025-03-01 12:00:00;85.17
2025-03-01 13:00:00;82.85
2025-03-01 14:00:00;85.97
2025-03-01 15:00:00;87.45
2025-03-01 16:00:00;89.22
2025-03-01 17:00:00;91.62
2025-03-01 18:00:00;95.4
2025-03-01 19:00:00;97.45
2025-03-01 20:00:00;98.5
2025-03-01 21:00:00;98.65
2025-03-01 22:00:00;99.75
2025-03-01 23:00:00;98.38
2025-03-02 00:00:00;93.78
2025-03-02 01:00:00;95.72
2025-03-02 02:00:00;96.32
2025-03-02 03:00:00;98.45
2025-03-02 04:00:00;99.32
2025-03-02 05:00:00;99.93
2025-03-02 06:00:00;100
2025-03-02 07:00:00;98.27
2025-03-02 08:00:00;87.38
2025-03-02 09:00:00;74.88
2025-03-02 10:00:00;72.55
2025-03-02 11:00:00;69.98
2025-03-02 12:00:00;66.87
2025-03-02 13:00:00;63.9
2025-03-02 14:00:00;61.37
2025-03-02 15:00:00;58.88
2025-03-02 16:00:00;55.73
2025-03-02 17:00:00;64.58
2025-03-02 18:00:00;79.27
2025-03-02 19:00:00;89.63
2025-03-02 20:00:00;91.08
2025-03-02 21:00:00;94.35
2025-03-02 22:00:00;94.75
2025-03-02 23:00:00;96.68
2025-03-03 00:00:00;97.72
2025-03-03 01:00:00;99.5
2025-03-03 02:00:00;99.92
2025-03-03 03:00:00;100
2025-03-03 04:00:00;99.93
2025-03-03 05:00:00;99.95
2025-03-03 06:00:00;100
2025-03-03 07:00:00;96.78
2025-03-03 08:00:00;84.12
2025-03-03 09:00:00;67.83
2025-03-03 10:00:00;58.75
2025-03-03 11:00:00;53.77
2025-03-03 12:00:00;47.47
2025-03-03 13:00:00;46.68
2025-03-03 14:00:00;45.68
2025-03-03 15:00:00;46.52
2025-03-03 16:00:00;48.88
2025-03-03 17:00:00;56.42
2025-03-03 18:00:00;69.35
2025-03-03 19:00:00;79.23
2025-03-03 20:00:00;87.73
2025-03-03 21:00:00;91.33
2025-03-03 22:00:00;94.4
2025-03-03 23:00:00;97.13
2025-03-04 00:00:00;98.53
2025-03-04 01:00:00;99.27
2025-03-04 02:00:00;99.87
2025-03-04 03:00:00;99.97
2025-03-04 04:00:00;100
2025-03-04 05:00:00;100
2025-03-04 06:00:00;100
2025-03-04 07:00:00;96.58
2025-03-04 08:00:00;82.7
2025-03-04 09:00:00;72.27
2025-03-04 10:00:00;65.83
2025-03-04 11:00:00;61.35
2025-03-04 12:00:00;55.42
2025-03-04 13:00:00;49.7
2025-03-04 14:00:00;44.23
2025-03-04 15:00:00;41.98
2025-03-04 16:00:00;41.68
2025-03-04 17:00:00;51.08
2025-03-04 18:00:00;69.05
2025-03-04 19:00:00;77.77
2025-03-04 20:00:00;85.32
2025-03-04 21:00:00;84.63
2025-03-04 22:00:00;86.57
2025-03-04 23:00:00;87.73
2025-03-05 00:00:00;89.95
2025-03-05 01:00:00;94.27
2025-03-05 02:00:00;96.2
2025-03-05 03:00:00;97.52
2025-03-05 04:00:00;98.85
2025-03-05 05:00:00;99.23
2025-03-05 06:00:00;98.58
2025-03-05 07:00:00;94.35
2025-03-05 08:00:00;79.28
2025-03-05 09:00:00;68.35
2025-03-05 10:00:00;62.77
2025-03-05 11:00:00;54.33
2025-03-05 12:00:00;50.35
2025-03-05 13:00:00;44.25
2025-03-05 14:00:00;42.22
2025-03-05 15:00:00;41.75
2025-03-05 16:00:00;42.58
2025-03-05 17:00:00;49.83
2025-03-05 18:00:00;67.8
2025-03-05 19:00:00;76.82
2025-03-05 20:00:00;86.65
2025-03-05 21:00:00;90.33
2025-03-05 22:00:00;92.47
2025-03-05 23:00:00;93.9
2025-03-06 00:00:00;95.38
2025-03-06 01:00:00;95.54
2025-03-06 02:00:00;98.12
2025-03-06 03:00:00;98.22
2025-03-06 04:00:00;99.1
2025-03-06 05:00:00;99.45
2025-03-06 06:00:00;99.87
2025-03-06 07:00:00;95.72
2025-03-06 08:00:00;83.33
2025-03-06 09:00:00;71.53
2025-03-06 10:00:00;65.73
2025-03-06 11:00:00;56.63
2025-03-06 12:00:00;47.03
2025-03-06 13:00:00;42.9
2025-03-06 14:00:00;40.18
2025-03-06 15:00:00;39.67
2025-03-06 16:00:00;39.25
2025-03-06 17:00:00;46.52
2025-03-06 18:00:00;64.52
2025-03-06 19:00:00;73.42
2025-03-06 20:00:00;79.12
2025-03-06 21:00:00;84.58
2025-03-06 22:00:00;89.72
2025-03-06 23:00:00;92.23
2025-03-07 00:00:00;94.12
2025-03-07 01:00:00;97.05
2025-03-07 02:00:00;98.35
2025-03-07 03:00:00;98.55
2025-03-07 04:00:00;99.03
2025-03-07 05:00:00;99.18
2025-03-07 06:00:00;99.68
2025-03-07 07:00:00;96.7
2025-03-07 08:00:00;81.08
2025-03-07 09:00:00;71.22
2025-03-07 10:00:00;57.62
2025-03-07 11:00:00;45.08
2025-03-07 12:00:00;41.37
2025-03-07 13:00:00;40.4
2025-03-07 14:00:00;40.3
2025-03-07 15:00:00;42.28
2025-03-07 16:00:00;45.8
2025-03-07 17:00:00;53.23
2025-03-07 18:00:00;67.17
2025-03-07 19:00:00;80.32
2025-03-07 20:00:00;88.65
2025-03-07 21:00:00;89.02
2025-03-07 22:00:00;91.85
2025-03-07 23:00:00;93.65
2025-03-08 00:00:00;93.58
2025-03-08 01:00:00;95.08
2025-03-08 02:00:00;95.6
2025-03-08 03:00:00;98.6
2025-03-08 04:00:00;99.15
2025-03-08 05:00:00;99.07
2025-03-08 06:00:00;98.75
2025-03-08 07:00:00;97.7
2025-03-08 08:00:00;87.1
2025-03-08 09:00:00;72.1
2025-03-08 10:00:00;63.57
2025-03-08 11:00:00;58.28
2025-03-08 12:00:00;50.22
2025-03-08 13:00:00;46.38
2025-03-08 14:00:00;43.3
2025-03-08 15:00:00;42
2025-03-08 16:00:00;43.37
2025-03-08 17:00:00;51.62
2025-03-08 18:00:00;71.03
2025-03-08 19:00:00;79.72
2025-03-08 20:00:00;87.88
2025-03-08 21:00:00;85.98
2025-03-08 22:00:00;86.72
2025-03-08 23:00:00;86.43
2025-03-09 00:00:00;89.02
2025-03-09 01:00:00;87.8
2025-03-09 02:00:00;87.65
2025-03-09 03:00:00;86.98
2025-03-09 04:00:00;88.08
2025-03-09 05:00:00;87.33
2025-03-09 06:00:00;90.55
2025-03-09 07:00:00;82.38
2025-03-09 08:00:00;76.8
2025-03-09 09:00:00;69.57
2025-03-09 10:00:00;67.25
2025-03-09 11:00:00;64.22
2025-03-09 12:00:00;63.78
2025-03-09 13:00:00;60.33
2025-03-09 14:00:00;61.68
2025-03-09 15:00:00;63.1
2025-03-09 16:00:00;63.68
2025-03-09 17:00:00;67.12
2025-03-09 18:00:00;72.85
2025-03-09 19:00:00;76.45
2025-03-09 20:00:00;91.58
2025-03-09 21:00:00;97.57
2025-03-09 22:00:00;98.78
2025-03-09 23:00:00;99.3
2025-03-10 00:00:00;99.53
2025-03-10 01:00:00;99.52
2025-03-10 02:00:00;99.15
2025-03-10 03:00:00;99.73
2025-03-10 04:00:00;100
2025-03-10 05:00:00;100
2025-03-10 06:00:00;100
2025-03-10 07:00:00;100
2025-03-10 08:00:00;100
2025-03-10 09:00:00;99.98
2025-03-10 10:00:00;95.28
2025-03-10 11:00:00;89.98
2025-03-10 12:00:00;85.1
2025-03-10 13:00:00;82.55
2025-03-10 14:00:00;80.43
2025-03-10 15:00:00;82.32
2025-03-10 16:00:00;83.87
2025-03-10 17:00:00;87.22
2025-03-10 18:00:00;92.62
2025-03-10 19:00:00;94.1
2025-03-10 20:00:00;95.22
2025-03-10 21:00:00;97.08
2025-03-10 22:00:00;98.48
2025-03-10 23:00:00;98.67
2025-03-11 00:00:00;99.62
2025-03-11 01:00:00;99.87
2025-03-11 02:00:00;99.9
2025-03-11 03:00:00;100
2025-03-11 04:00:00;100
2025-03-11 05:00:00;100
2025-03-11 06:00:00;100
2025-03-11 07:00:00;99.97
2025-03-11 08:00:00;96.27
2025-03-11 09:00:00;93.22
2025-03-11 10:00:00;85.55
2025-03-11 11:00:00;80.85
2025-03-11 12:00:00;76.27
2025-03-11 13:00:00;74.8
2025-03-11 14:00:00;77.43
2025-03-11 15:00:00;75.22
2025-03-11 16:00:00;79.42
2025-03-11 17:00:00;85.43
2025-03-11 18:00:00;94.45
2025-03-11 19:00:00;98.07
2025-03-11 20:00:00;99
2025-03-11 21:00:00;99.22
2025-03-11 22:00:00;99.65
2025-03-11 23:00:00;99.75
2025-03-12 00:00:00;99.98
2025-03-12 01:00:00;100
2025-03-12 02:00:00;100
2025-03-12 03:00:00;100
2025-03-12 04:00:00;100
2025-03-12 05:00:00;100
2025-03-12 06:00:00;100
2025-03-12 07:00:00;100
2025-03-12 08:00:00;98.92